parcel_id,hemisphere,parcel,n_voxels,mean_effect,median_effect,mean_z,minimum_z,maximum_z,percent_z_ge_3.1,percent_z_le_minus_3.1,absolute_mean_effect
11,Right,"Right Middle Temporal Gyrus, anterior division",88,-2.3747904300689697,-2.5321860313415527,-1.9099856615066528,-2.452465534210205,0.17512942850589752,0.0,0.0,2.3747904300689697
30,Right,"Right Cingulate Gyrus, posterior division",3727,0.9636018872261047,0.7875467538833618,0.9251395463943481,-2.54876971244812,2.8394806385040283,0.0,0.0,0.9636018872261047
46,Left,Left Planum Temporale,2242,-0.9522719383239746,-0.9625495672225952,-1.3012279272079468,-3.929828405380249,1.647641897201538,0.0,1.7395182872435324,0.9522719383239746
6,Left,"Left Inferior Frontal Gyrus, pars opercularis",2977,-0.9024650454521179,-0.9068006873130798,-1.1285384893417358,-3.095632791519165,1.9623959064483643,0.0,0.0,0.9024650454521179
32,Right,Right Cuneal Cortex,2916,0.8295105695724487,0.7515542507171631,1.052450180053711,-1.744610071182251,3.860508441925049,0.7544581618655692,0.0,0.8295105695724487
20,Right,"Right Supramarginal Gyrus, posterior division",2959,-0.7837516665458679,-0.6841791272163391,-1.2730358839035034,-5.193787574768066,3.3407089710235596,0.33795201081446435,14.599526867184858,0.7837516665458679
3,Right,Right Superior Frontal Gyrus,450,-0.7573358416557312,-0.7251031398773193,-0.9827687740325928,-2.7165284156799316,1.9028743505477905,0.0,0.0,0.7573358416557312
42,Right,Right Central Opercular Cortex,3768,0.7570475339889526,0.7016465067863464,1.0834985971450806,-2.2944791316986084,3.475526809692383,0.6900212314225054,0.0,0.7570475339889526
21,Right,Right Angular Gyrus,4348,-0.7378186583518982,-0.7481443881988525,-0.9875584840774536,-3.662418842315674,2.682523727416992,0.0,2.782888684452622,0.7378186583518982
1,Right,Right Frontal Pole,9845,0.7076698541641235,0.6730722784996033,0.7256370186805725,-3.2047064304351807,4.6324381828308105,1.8384966988318943,0.04062976130015236,0.7076698541641235
48,Right,Right Occipital Pole,10229,0.6661603450775146,0.4694320261478424,0.639695405960083,-1.8401416540145874,3.2960479259490967,0.10753739368462216,0.0,0.6661603450775146
40,Left,Left Occipital Fusiform Gyrus,3846,0.6569931507110596,0.603310227394104,1.0035954713821411,-2.4827046394348145,3.808100938796997,0.18200728029121163,0.0,0.6569931507110596
40,Right,Right Occipital Fusiform Gyrus,3694,0.6256692409515381,0.580420970916748,1.0827701091766357,-1.20278799533844,3.0473222732543945,0.0,0.0,0.6256692409515381
10,Right,"Right Superior Temporal Gyrus, posterior division",3483,-0.6239387392997742,-0.6019534468650818,-0.907360315322876,-3.7125415802001953,2.724787950515747,0.0,1.0910134941142693,0.6239387392997742
27,Left,Left Subcallosal Cortex,1733,-0.6052055954933167,-0.4157712459564209,-0.5359348654747009,-3.5179243087768555,1.9149824380874634,0.0,0.5770340450086555,0.6052055954933167
9,Right,"Right Superior Temporal Gyrus, anterior division",575,-0.5948382019996643,-0.376664400100708,-0.6898590326309204,-2.8135933876037598,1.825749397277832,0.0,0.0,0.5948382019996643
46,Right,Right Planum Temporale,1704,-0.5504640936851501,-0.4671125113964081,-0.8467908501625061,-3.2321670055389404,2.8388748168945312,0.0,0.2347417840375587,0.5504640936851501
36,Left,Left Lingual Gyrus,6706,0.5187129974365234,0.5281771421432495,0.7439484000205994,-3.136742353439331,3.8059213161468506,0.9394572025052191,0.029824038174768867,0.5187129974365234
30,Left,"Left Cingulate Gyrus, posterior division",3437,0.5047227740287781,0.4515835642814636,0.4598066508769989,-2.8945655822753906,3.5945017337799072,0.11638056444573756,0.0,0.5047227740287781
6,Right,"Right Inferior Frontal Gyrus, pars opercularis",2605,-0.4844924211502075,-0.5191245675086975,-0.7670947909355164,-4.235339641571045,3.0908203125,0.0,2.840690978886756,0.4844924211502075
32,Left,Left Cuneal Cortex,2276,0.48382568359375,0.42869335412979126,0.8070400953292847,-2.0958051681518555,3.389768123626709,0.17574692442882248,0.0,0.48382568359375
13,Right,"Right Middle Temporal Gyrus, temporooccipital part",4696,-0.48249897360801697,-0.4643136262893677,-0.6283966302871704,-4.489542484283447,2.459782600402832,0.0,3.705281090289608,0.48249897360801697
17,Right,Right Postcentral Gyrus,2332,0.4803769886493683,0.49634313583374023,0.7118494510650635,-2.0443637371063232,2.728870391845703,0.0,0.0,0.4803769886493683
36,Right,Right Lingual Gyrus,7623,0.4577568471431732,0.46650663018226624,0.6874265074729919,-2.297229766845703,3.1472384929656982,0.02623638987275351,0.0,0.4577568471431732
31,Left,Left Precuneous Cortex,5742,-0.4450382888317108,-0.3900500535964966,-0.5578643679618835,-3.6199660301208496,2.5906589031219482,0.0,0.43538836642284917,0.4450382888317108
45,Right,Right Heschl's Gyrus (includes H1 and H2),1210,-0.4437445402145386,-0.4287221431732178,-0.6564589142799377,-2.89190673828125,3.579979181289673,0.24793388429752067,0.0,0.4437445402145386
19,Right,"Right Supramarginal Gyrus, anterior division",1681,0.43553662300109863,0.4401412606239319,0.5806100964546204,-1.5820834636688232,2.6953437328338623,0.0,0.0,0.43553662300109863
47,Right,Right Supracalcarine Cortex,670,0.43455490469932556,0.4733429253101349,0.5471316576004028,-1.8139656782150269,2.7467262744903564,0.0,0.0,0.43455490469932556
34,Left,"Left Parahippocampal Gyrus, anterior division",52,-0.4293140172958374,-0.6016961336135864,-0.5916073322296143,-1.7976341247558594,1.0499119758605957,0.0,0.0,0.4293140172958374
1,Left,Left Frontal Pole,10483,0.4124641716480255,0.36921101808547974,0.4840908646583557,-2.883460283279419,3.17240571975708,0.009539254030334829,0.0,0.4124641716480255
27,Right,Right Subcallosal Cortex,1336,-0.39976775646209717,-0.3130105435848236,-0.33052363991737366,-3.053450107574463,2.3954250812530518,0.0,0.0,0.39976775646209717
2,Right,Right Insular Cortex,4991,0.39334484934806824,0.34239813685417175,0.5739060044288635,-2.9547317028045654,3.840820550918579,0.4407934281707073,0.0,0.39334484934806824
42,Left,Left Central Opercular Cortex,4139,0.3904726207256317,0.36501267552375793,0.6660688519477844,-2.3933379650115967,2.968374013900757,0.0,0.0,0.3904726207256317
11,Left,"Left Middle Temporal Gyrus, anterior division",455,-0.3883509933948517,-0.4218577444553375,-0.5273527503013611,-3.3776063919067383,1.924270510673523,0.0,1.098901098901099,0.3883509933948517
18,Left,Left Superior Parietal Lobule,18,-0.3654419183731079,-0.38129544258117676,-0.8169392347335815,-1.3830492496490479,-0.06368646025657654,0.0,0.0,0.3654419183731079
29,Left,"Left Cingulate Gyrus, anterior division",3749,0.3600282669067383,0.3972383141517639,0.5009613633155823,-3.0539944171905518,2.5697643756866455,0.0,0.0,0.3600282669067383
5,Left,"Left Inferior Frontal Gyrus, pars triangularis",2038,-0.3272284269332886,-0.3513184189796448,-0.4457855820655823,-2.638437032699585,1.997344970703125,0.0,0.0,0.3272284269332886
23,Right,"Right Lateral Occipital Cortex, inferior division",8380,0.31973376870155334,0.33311375975608826,0.46061915159225464,-2.659940242767334,3.1483805179595947,0.011933174224343675,0.0,0.31973376870155334
4,Right,Right Middle Frontal Gyrus,2652,0.3087763488292694,0.26581719517707825,0.4148607552051544,-2.656468391418457,3.0311059951782227,0.0,0.0,0.3087763488292694
47,Left,Left Supracalcarine Cortex,377,0.3013363778591156,0.27406060695648193,0.3387904167175293,-1.629573106765747,2.0004684925079346,0.0,0.0,0.3013363778591156
39,Left,Left Temporal Occipital Fusiform Cortex,2428,-0.29823175072669983,-0.2988237738609314,-0.5369736552238464,-3.2628629207611084,2.472630739212036,0.0,0.12355848434925865,0.29823175072669983
20,Left,"Left Supramarginal Gyrus, posterior division",2623,-0.2850628197193146,-0.3557412624359131,-0.6443620324134827,-4.19333553314209,2.52768874168396,0.0,5.985512771635531,0.2850628197193146
15,Right,"Right Inferior Temporal Gyrus, posterior division",244,0.27845317125320435,0.2538444995880127,0.4693443477153778,-1.9218809604644775,2.5418448448181152,0.0,0.0,0.27845317125320435
43,Left,Left Parietal Opercular Cortex,2438,-0.27464526891708374,-0.12691965699195862,-0.28413236141204834,-3.3374643325805664,2.5442557334899902,0.0,0.16406890894175555,0.27464526891708374
48,Left,Left Occipital Pole,10428,0.27203646302223206,0.18696223199367523,0.3530215919017792,-1.614274501800537,3.4830806255340576,0.06712696586114307,0.0,0.27203646302223206
35,Left,"Left Parahippocampal Gyrus, posterior division",1262,-0.2587011754512787,-0.2683618664741516,-0.44834810495376587,-2.907155752182007,1.9595770835876465,0.0,0.0,0.2587011754512787
13,Left,"Left Middle Temporal Gyrus, temporooccipital part",3329,0.25791311264038086,0.35804086923599243,0.2772095203399658,-3.112844944000244,2.8478825092315674,0.0,0.06007810153199159,0.25791311264038086
18,Right,Right Superior Parietal Lobule,17,0.2542825937271118,0.25849756598472595,0.7407211065292358,0.16005796194076538,1.2495629787445068,0.0,0.0,0.2542825937271118
15,Left,"Left Inferior Temporal Gyrus, posterior division",625,0.23409652709960938,0.13674040138721466,0.2520134150981903,-2.4447855949401855,2.644009828567505,0.0,0.0,0.23409652709960938
29,Right,"Right Cingulate Gyrus, anterior division",4605,0.23360906541347504,0.2504441738128662,0.3846902847290039,-2.830233097076416,3.0456557273864746,0.0,0.0,0.23360906541347504
34,Right,"Right Parahippocampal Gyrus, anterior division",12,0.22993351519107819,0.22303609549999237,0.3071484863758087,-0.07645365595817566,0.8271467685699463,0.0,0.0,0.22993351519107819
5,Right,"Right Inferior Frontal Gyrus, pars triangularis",1822,-0.21486510336399078,-0.07470391690731049,-0.28733351826667786,-3.2008230686187744,2.3062825202941895,0.0,0.49396267837541163,0.21486510336399078
33,Right,Right Frontal Orbital Cortex,3024,-0.21195976436138153,-0.1879318356513977,-0.35623669624328613,-3.5184433460235596,2.8764140605926514,0.0,0.26455026455026454,0.21195976436138153
12,Right,"Right Middle Temporal Gyrus, posterior division",3359,-0.20778565108776093,-0.24544896185398102,-0.17274563014507294,-3.270723342895508,3.889934778213501,1.3694551949985114,0.11908306043465318,0.20778565108776093
35,Right,"Right Parahippocampal Gyrus, posterior division",967,0.20078811049461365,0.1215350329875946,0.19703564047813416,-2.1628501415252686,3.6150906085968018,1.1375387797311272,0.0,0.20078811049461365
23,Left,"Left Lateral Occipital Cortex, inferior division",8530,-0.19970199465751648,-0.24317646026611328,-0.26877033710479736,-2.941197395324707,2.3911354541778564,0.0,0.0,0.19970199465751648
21,Left,Left Angular Gyrus,2989,-0.19708196818828583,-0.12250873446464539,-0.31624698638916016,-3.9160706996917725,3.3969225883483887,0.16728002676480427,1.7062562730010038,0.19708196818828583
24,Left,Left Intracalcarine Cortex,2665,0.19694027304649353,0.17889238893985748,0.2388775795698166,-1.5411163568496704,2.040952444076538,0.0,0.0,0.19694027304649353
28,Left,Left Paracingulate Gyrus,4459,0.19404157996177673,0.24883721768856049,0.1933889091014862,-3.257164716720581,3.502333164215088,0.13455931823278763,0.1121327651939897,0.19404157996177673
44,Right,Right Planum Polare,1563,0.19348199665546417,0.008384129963815212,0.12245362997055054,-2.0230603218078613,2.8587372303009033,0.0,0.0,0.19348199665546417
22,Right,"Right Lateral Occipital Cortex, superior division",11263,0.19075553119182587,0.15927711129188538,0.3183359205722809,-2.7326347827911377,4.04803466796875,0.6836544437538844,0.0,0.19075553119182587
33,Left,Left Frontal Orbital Cortex,4554,-0.18202577531337738,-0.1020113006234169,-0.19120749831199646,-3.8217673301696777,3.313432216644287,0.04391743522178305,0.592885375494071,0.18202577531337738
2,Left,Left Insular Cortex,4813,0.16592790186405182,0.1814952790737152,0.3011730909347534,-3.008721351623535,3.4697587490081787,0.0415541242468315,0.0,0.16592790186405182
3,Left,Left Superior Frontal Gyrus,442,0.16438785195350647,0.18686142563819885,0.06261055171489716,-2.816593647003174,2.3443171977996826,0.0,0.0,0.16438785195350647
25,Left,Left Frontal Medial Cortex,1222,-0.16143567860126495,-0.025952497497200966,-0.2371060997247696,-3.5090255737304688,1.9512073993682861,0.0,0.6546644844517185,0.16143567860126495
44,Left,Left Planum Polare,1524,-0.1584882140159607,-0.13199830055236816,-0.16941671073436737,-3.079798460006714,2.2454042434692383,0.0,0.0,0.1584882140159607
8,Right,Right Temporal Pole,728,0.15543270111083984,0.11388574540615082,0.25893497467041016,-3.3974218368530273,3.2865452766418457,0.5494505494505495,0.27472527472527475,0.15543270111083984
9,Left,"Left Superior Temporal Gyrus, anterior division",818,-0.15453559160232544,-0.1476854383945465,-0.23947834968566895,-3.7341771125793457,2.5162103176116943,0.0,0.4889975550122249,0.15453559160232544
45,Left,Left Heschl's Gyrus (includes H1 and H2),1366,-0.14941543340682983,-0.2757934331893921,-0.32286378741264343,-2.5349698066711426,2.5505948066711426,0.0,0.0,0.14941543340682983
39,Right,Right Temporal Occipital Fusiform Cortex,2480,0.10974057018756866,0.07535509020090103,0.2170913964509964,-2.220290184020996,3.2992911338806152,0.12096774193548387,0.0,0.10974057018756866
28,Right,Right Paracingulate Gyrus,4414,0.0990389734506607,0.10012345016002655,0.12469897419214249,-3.3321735858917236,3.596975803375244,0.1359311282283643,0.11327594019030357,0.0990389734506607
4,Left,Left Middle Frontal Gyrus,3114,-0.0915859192609787,-0.05702541768550873,-0.0668463334441185,-2.7721848487854004,2.8969366550445557,0.0,0.0,0.0915859192609787
19,Left,"Left Supramarginal Gyrus, anterior division",2044,0.08886026591062546,0.09997068345546722,0.0365336537361145,-2.5288217067718506,2.1984176635742188,0.0,0.0,0.08886026591062546
43,Right,Right Parietal Opercular Cortex,2341,0.08679213374853134,0.1726469248533249,0.21638697385787964,-2.8912580013275146,3.723236560821533,0.598035027765912,0.0,0.08679213374853134
16,Right,"Right Inferior Temporal Gyrus, temporooccipital part",1885,0.08315233886241913,0.05957170948386192,0.10240490734577179,-2.2873904705047607,2.1533443927764893,0.0,0.0,0.08315233886241913
7,Right,Right Precentral Gyrus,3908,0.07509545236825943,0.023968180641531944,0.1263217031955719,-3.6391961574554443,3.244508981704712,0.07676560900716478,0.3326509723643808,0.07509545236825943
38,Right,"Right Temporal Fusiform Cortex, posterior division",451,-0.07188170403242111,-0.12419195473194122,-0.08948816359043121,-2.0511627197265625,2.125436544418335,0.0,0.0,0.07188170403242111
25,Right,Right Frontal Medial Cortex,1111,-0.06574835628271103,2.489904633651994e-17,-0.09823562949895859,-2.433072566986084,2.7231791019439697,0.0,0.0,0.06574835628271103
41,Left,Left Frontal Opercular Cortex,1551,0.05280319228768349,0.0655076652765274,0.06676123291254044,-2.6573050022125244,2.2660984992980957,0.0,0.0,0.05280319228768349
7,Left,Left Precentral Gyrus,4157,0.049384329468011856,0.1332601010799408,0.15051139891147614,-3.069023370742798,2.831982374191284,0.0,0.0,0.049384329468011856
31,Right,Right Precuneous Cortex,6093,-0.04828503355383873,-0.1614731103181839,-0.11434542387723923,-3.1527395248413086,3.863290786743164,0.41030690956835714,0.016412276382734285,0.04828503355383873
12,Left,"Left Middle Temporal Gyrus, posterior division",3126,0.04250336065888405,-0.03202289342880249,0.043564409017562866,-2.1337788105010986,4.042727947235107,0.5758157389635317,0.0,0.04250336065888405
17,Left,Left Postcentral Gyrus,3074,0.041028641164302826,0.01992856338620186,0.04748585447669029,-2.3350861072540283,2.8190343379974365,0.0,0.0,0.041028641164302826
10,Left,"Left Superior Temporal Gyrus, posterior division",3242,-0.03903796523809433,-0.07787367701530457,-0.04269769787788391,-4.072119235992432,4.249601364135742,1.6964836520666253,2.282541640962369,0.03903796523809433
38,Left,"Left Temporal Fusiform Cortex, posterior division",1342,-0.03820670768618584,-0.06384241580963135,-0.03916903957724571,-2.4177284240722656,2.470418930053711,0.0,0.0,0.03820670768618584
24,Right,Right Intracalcarine Cortex,3279,0.03681453317403793,0.040999751538038254,0.13421358168125153,-1.9197709560394287,2.8667032718658447,0.0,0.0,0.03681453317403793
41,Right,Right Frontal Opercular Cortex,1366,0.03287277743220329,0.15585647523403168,0.019435284659266472,-3.3279197216033936,2.9509799480438232,0.0,0.6588579795021963,0.03287277743220329
16,Left,"Left Inferior Temporal Gyrus, temporooccipital part",2035,0.02619793824851513,0.06345360726118088,0.028184767812490463,-2.197617769241333,2.874248743057251,0.0,0.0,0.02619793824851513
8,Left,Left Temporal Pole,1518,0.02589583396911621,4.238278244097151e-17,0.1245957538485527,-2.762852191925049,2.6474852561950684,0.0,0.0,0.02589583396911621
22,Left,"Left Lateral Occipital Cortex, superior division",11734,-0.013356566429138184,-0.025606807321310043,-0.07473370432853699,-3.391376495361328,3.9477169513702393,0.2982785069030169,0.2215783194136697,0.013356566429138184
